yangluphil@gmail.com    ;    F54dLaB3    ;    1    ;    Yang Lu
ahumay@ucla.edu    ;    TpZLqTpb    ;    1    ;    Anthony Humay
anjalinilay@gmail.com    ;    kYKE7Y82    ;    1    ;    Anjali Kumari
shahmitansh@gmail.com    ;    caaeVQmC    ;    1    ;    Mitansh Shah
quentinruong@gmail.com    ;    U99EGVe2    ;    1    ;    Quentin Truong
aaronzinho@g.ucla.edu    ;    VZDyAvdq    ;    1    ;    Aaron Gonzales
kbabu105@gmail.com    ;    EkkpFBuc    ;    1    ;    Krishna Babu
jonchon@gmail.com    ;    B4GTPZ3P    ;    1    ;    Jonathan Chon
chenchenstudent@gmail.com    ;    L2NBaQsd    ;    1    ;    chen chen
arutiunovartiom@gmail.com    ;    cHwTySeD    ;    1    ;    Artiom Arutiunov
kyle.wong975@gmail.com    ;    tx54gVXN    ;    1    ;    Kyle Wong
kostyamyagkov@gmail.com    ;    MuKxmakD    ;    1    ;    Konstantin Miagkov
drew@drewlee.com    ;    2weBGM69    ;    1    ;    Andrew Lee
aidanwolk@comcast.net    ;    ZNfhqV5c    ;    1    ;    Aidan Wolk
haochiencho@gmail.com    ;    JTyed8JB    ;    1    ;    Brian Cho
kunqian@g.ucla.edu    ;    ejJQ58xV    ;    1    ;    Kevin Qian
divijohri28@gmail.com    ;    rvQU5cqL    ;    1    ;    Divij Ohri
linmc@ucla.edu    ;    Vdue4cGY    ;    1    ;    Chaoran Lin
therealdaweihuang@gmail.com    ;    5PtfXeKJ    ;    1    ;    Dawei Huang
haowanglud@g.ucla.edu    ;    44BrAJdR    ;    1    ;    Hao Wang
jeffreyhxu@gmail.com    ;    HZja8w38    ;    1    ;    Jeffrey Xu
henrywcj@outlook.com    ;    D5y73PwP    ;    1    ;    Chenjian Wang
lexie.kd@gmail.com    ;    jQA86Fzd    ;    1    ;    Lexie Kemp-Dahlberg
    ;        ;        ;    
vincewu01@hotmail.com    ;    CadV2b4p    ;    1    ;    Vince Wu
    ;    Gt2UE5vm    ;    1    ;    
jeff.a.lung@gmail.com    ;    ACe9wBsn    ;    1    ;    Jeff Lung
edwardchu08@gmail.com    ;    NuPXaAC5    ;    1    ;    Edward Chu
carson-chapman@sbcglobal.net    ;    3ddMfqf4    ;    1    ;    Carson Chapman
    ;    E86FNb9T    ;    1    ;    
kyn.mak@gmail.com    ;    JtabP7ZD    ;    1    ;    Kit Yeung Mak
    ;    rdbwYdqE    ;    1    ;    
ljumpman@yahoo.com    ;    QDbfr3jb    ;    1    ;    Jason Less
williamjlee1@gmail.com    ;    LpvTM3Am    ;    1    ;    William Lee
    ;    yUUAKNyz    ;    1    ;    
corbinmuraro@gmail.com    ;    W8c9LAWn    ;    1    ;    Corbin Muraro
cmaisme@gmail.com    ;    gPbESDMz    ;    1    ;    Christopher Aziz
vellottionline@ucla.edu    ;    7YTxfx7b    ;    1    ;    Luke Harmon-Vellotti
qianmengchen@outlook.com    ;    6BqhPxvz    ;    1    ;    Qianmeng Chen
rishabh.jain1198@gmail.com    ;    t4EgmkgC    ;    1    ;    Rishabh Jain
liumuchen1996@gmail.com    ;    ssR2UDvx    ;    1    ;    Muchen Liu
    ;    2pvkb9Lq    ;    1    ;    
weihou@g.ucla.edu    ;    dUmNDFN9    ;    1    ;    Wei Hou
    ;    2S3HFpyj    ;    1    ;    
liyang.ucla@outlook.com    ;    HthrQ2N9    ;    1    ;    Yang Li
danielmitchenerucla@gmail.com    ;    NDbbCU7b    ;    1    ;    Daniel Mitchener
    ;    ygQbXJVn    ;    1    ;    
    ;    QTZBdn3g    ;    1    ;    
    ;    rupUaMc2    ;    1    ;    
dionigi@ucla.edu    ;    bRxEXrsS    ;    1    ;    Brian Raymond
Lordtipra@gmail.com    ;    UCLF3ZkN    ;    1    ;    Arpit Jasapara
drew.gonzales@ucla.edu    ;    PMV7LStN    ;    1    ;    Drew Gonzales
    ;    bqenCg2B    ;    1    ;    
harrisonki123@gmail.com    ;    4GFCjdEv    ;    1    ;    Harrison Ki
    ;    HAB4JgtC    ;    1    ;    
kedarbthiagarajan@gmail.com    ;    HZMaXXxS    ;    1    ;    Kedar Thiagarajan
feng.xingxu@gmail.com    ;    xEFNSrpy    ;    1    ;    David Feng
    ;    5G8LGdm9    ;    1    ;    
james@jamesbvaughan.com    ;    7t2kn73D    ;    1    ;    James Vaughan
devenvimalpatel@gmail.com    ;    QkkCxJYR    ;    1    ;    Deven Patel
joshuacnf@outlook.com    ;    zTVjCL6f    ;    1    ;    Honghua Zhang
yizhu621@gmail.com    ;    FLEFett2    ;    1    ;    Yizhu Zhang
    ;    nDaSu9KG    ;    1    ;    
zhaoqy1997@outlook.com    ;    AbuxjQVG    ;    1    ;    Qingyi Zhao
    ;    bMffqDW7    ;    1    ;    
yihedeng@g.ucla.edu    ;    ErCnkuAd    ;    1    ;    Yihe Deng
    ;    yTd9Rp4j    ;    1    ;    
jackie19970410@gmail.com    ;    SyWMStFM    ;    1    ;    Jiachen Yang
mike666234@gmail.com    ;    bJHH8ANP    ;    1    ;    Michael Liu
